{"loss": [6.082339286804199, 3.4739537239074707, 3.3102879524230957, 3.0732574462890625, 2.8901748657226562, 2.6047580242156982, 2.2015419006347656, 1.8498224020004272, 1.5735905170440674, 1.2644362449645996, 1.0308693647384644, 0.8332606554031372, 0.7165859937667847, 0.6002733111381531, 0.47432276606559753, 0.42572999000549316, 0.4384913742542267, 0.3094422519207001, 0.3110348582267761, 0.2393486499786377, 0.20668469369411469, 0.20072196424007416, 0.1946956217288971, 0.2538887560367584, 0.23838989436626434, 0.22386838495731354, 0.14474676549434662, 0.10828816890716553, 0.13416409492492676, 0.14956004917621613, 0.18431542813777924, 0.12816518545150757], "accuracy": [0.03402889147400856, 0.0545746386051178, 0.07833065837621689, 0.13001605868339539, 0.18266452848911285, 0.257784903049469, 0.3784911632537842, 0.47126805782318115, 0.5502407550811768, 0.6439807415008545, 0.7139647006988525, 0.7627608180046082, 0.7983948588371277, 0.837239146232605, 0.870947003364563, 0.8796147704124451, 0.8886035084724426, 0.9203852415084839, 0.9174959659576416, 0.9319422245025635, 0.9412519931793213, 0.9505618214607239, 0.9544141292572021, 0.936115562915802, 0.9441412687301636, 0.9402889013290405, 0.9634028673171997, 0.9714285731315613, 0.9656500816345215, 0.9621188044548035, 0.9528089761734009, 0.971107542514801], "val_loss": [3.3982431888580322, 3.2501790523529053, 2.9367666244506836, 2.655585289001465, 2.3936784267425537, 1.8474639654159546, 1.575119137763977, 1.3038108348846436, 0.9937281012535095, 0.7276853919029236, 0.5749151110649109, 0.4471791684627533, 0.49557560682296753, 0.4721698462963104, 0.40800249576568604, 0.4121205508708954, 0.34636834263801575, 0.36831673979759216, 0.3528320789337158, 0.37945008277893066, 0.45095929503440857, 0.27631354331970215, 0.3992455303668976, 0.5655752420425415, 0.41748878359794617, 0.5312454104423523, 0.35979923605918884, 0.4699438512325287, 0.42811867594718933, 0.39855530858039856, 0.4932716488838196, 0.39010384678840637], "val_accuracy": [0.0655270665884018, 0.10541310906410217, 0.19088318943977356, 0.2905983030796051, 0.34188035130500793, 0.5213675498962402, 0.5868945717811584, 0.6695156693458557, 0.7293447256088257, 0.8262107968330383, 0.8632478713989258, 0.9002848863601685, 0.8888888955116272, 0.8945869207382202, 0.9230769276618958, 0.9202279448509216, 0.934472918510437, 0.934472918510437, 0.9487179517745972, 0.9515669345855713, 0.934472918510437, 0.9544159770011902, 0.9259259104728699, 0.9373219609260559, 0.9515669345855713, 0.9373219609260559, 0.945868968963623, 0.9601139426231384, 0.9572649598121643, 0.9515669345855713, 0.9572649598121643, 0.9601139426231384]}